1,F,1
2,M,1
3,M,1
4,M,1
5,M,1
6,F,1
7,M,1
8,M,1
9,M,1
10,F,1
11,F,1
12,M,1
13,M,1
14,M,1
15,M,1
16,F,1
17,M,1
18,F,1
19,M,1
20,M,1
21,M,1
22,M,1
23,M,1
24,F,1
25,M,1
26,M,1
27,M,1
28,F,1
29,M,1
30,F,1
31,M,1
32,F,1
33,M,1
34,F,1
35,M,1
36,M,1
37,F,1
38,F,1
39,M,1
40,M,1
41,F,1
42,M,1
43,M,1
44,M,1
45,F,1
46,M,1
47,M,1
48,M,1
49,M,1
50,F,1
51,F,1
52,M,1
53,M,1
54,M,1
55,F,1
56,M,1
57,M,1
58,M,1
59,F,1
60,M,1
61,M,1
62,F,1
63,M,1
64,M,1
65,M,1
66,M,1
67,F,1
68,M,1
69,F,1
70,M,1
71,M,1
72,F,1
73,M,1
74,M,1
75,F,1
76,M,1
77,M,1
78,F,1
79,F,1
80,M,1
81,F,1
82,M,1
83,F,1
84,M,1
85,M,1
86,F,1
87,M,1
88,F,1
89,F,1
90,M,1
91,M,1
92,F,1
93,M,1
94,M,1
95,M,1
96,F,1
97,F,1
98,F,1
99,F,1
100,M,1
101,F,1
102,M,1
103,M,1
104,M,1
105,M,1
106,F,1
107,M,1
108,M,1
109,M,1
110,M,1
111,M,1
112,M,1
113,M,1
114,F,1
115,M,1
116,M,1
117,M,1
118,M,1
119,F,1
120,M,1
121,M,1
122,F,1
123,M,1
124,M,1
125,M,1
126,M,1
127,F,1
128,M,1
129,M,1
130,M,1
131,M,1
132,M,1
133,F,1
134,M,1
135,M,1
136,M,1
137,F,1
138,M,1
139,F,1
140,F,1
141,M,1
142,M,1
143,M,1
144,M,1
145,M,1
146,F,1
147,M,1
148,M,1
149,M,1
150,M,1
151,F,1
152,M,1
153,M,1
154,M,1
155,M,1
156,F,1
157,M,1
158,M,1
159,F,1
160,M,1
161,M,1
162,F,1
163,M,1
164,F,1
165,M,1
166,M,1
167,F,1
168,F,1
169,M,1
170,M,1
171,F,1
172,M,1
173,M,1
174,M,1
175,F,1
176,F,1
177,M,1
178,M,1
179,M,1
180,M,1
181,M,1
182,M,1
183,F,1
184,F,1
185,M,1
186,M,1
187,F,1
188,M,1
189,M,1
190,M,1
191,M,1
192,M,1
193,F,1
194,F,1
195,M,1
196,F,1
197,M,1
198,M,1
199,M,1
200,F,1
201,F,1
202,M,1
203,F,1
204,M,1
205,M,1
206,M,1
207,M,1
208,M,1
209,M,1
210,F,1
211,M,1
212,M,1
213,F,1
214,M,1
215,M,1
216,M,1
217,M,1
218,M,1
219,F,1
220,M,1
221,F,1
222,M,1
223,M,1
224,F,1
225,M,1
226,M,1
227,M,1
228,M,1
229,M,1
230,M,1
231,M,1
232,M,1
233,F,1
234,M,1
235,M,1
236,M,1
237,M,1
238,F,1
239,M,1
240,M,1
241,M,1
242,F,1
243,M,1
244,M,1
245,M,1
246,F,1
247,M,1
248,M,1
249,F,1
250,M,1
251,M,1
252,M,1
253,F,1
254,M,1
255,M,1
256,M,1
257,M,1
258,M,1
259,M,1
260,M,1
261,M,1
262,F,1
263,F,1
264,M,1
265,F,1
266,M,1
267,M,1
268,F,1
269,M,1
270,M,1
271,M,1
272,M,1
273,M,1
274,M,1
275,M,1
276,M,1
277,F,1
278,M,1
279,M,1
280,M,1
281,F,1
282,M,1
283,M,1
284,M,1
285,F,1
286,M,1
287,M,1
288,F,1
289,F,1
290,F,1
291,M,1
292,M,1
293,M,1
294,F,1
295,M,1
296,M,1
297,M,1
298,F,1
299,M,1
300,M,1
301,M,1
302,M,1
303,M,1
304,M,1
305,F,1
306,M,1
307,M,1
308,M,1
309,M,1
310,F,1
311,M,1
312,F,1
313,F,1
314,F,1
315,F,1
316,M,1
317,M,1
318,F,1
319,F,1
320,M,1
321,M,1
322,M,1
323,M,1
324,M,1
325,F,1
326,M,1
327,M,1
328,M,1
329,M,1
330,M,1
331,M,1
332,M,1
333,M,1
334,F,1
335,M,1
336,M,1
337,M,1
338,M,1
339,M,1
340,F,1
341,F,1
342,M,1
343,F,1
344,M,1
345,M,1
346,F,1
347,F,1
348,M,1
349,M,1
350,M,1
351,M,1
352,M,1
353,F,1
354,M,1
355,M,1
356,M,1
357,M,1
358,F,1
359,M,1
360,M,1
361,F,1
362,M,1
363,M,1
364,F,1
365,F,1
366,M,1
367,M,1
368,M,1
369,M,1
370,M,1
371,M,1
372,F,1
373,F,1
374,F,1
375,M,1
376,M,1
377,M,1
378,F,1
379,F,1
380,M,1
381,M,1
382,F,1
383,F,1
384,M,1
385,M,1
386,M,1
387,F,1
388,F,1
389,M,1
390,M,1
391,M,1
392,M,1
393,M,1
394,M,1
395,M,1
396,M,1
397,M,1
398,M,1
399,F,1
400,F,1
401,M,1
402,M,1
403,M,1
404,M,1
405,M,1
406,M,1
407,M,1
408,M,1
409,M,1
410,F,1
411,F,1
412,M,1
413,M,1
414,M,1
415,F,1
416,M,1
417,F,1
418,F,1
419,M,1
420,M,1
421,F,1
422,M,1
423,M,1
424,M,1
425,M,1
426,M,1
427,M,1
428,F,1
429,M,1
430,F,1
431,M,1
432,M,1
433,M,1
434,F,1
435,M,1
436,M,1
437,M,1
438,M,1
439,M,1
440,M,1
441,M,1
442,M,1
443,M,1
444,M,1
445,M,1
446,F,1
447,F,1
448,M,1
449,M,1
450,M,1
451,M,1
452,M,1
453,M,1
454,M,1
455,F,1
456,M,1
457,M,1
458,M,1
459,F,1
460,M,1
461,M,1
462,M,1
463,M,1
464,F,1
465,M,1
466,M,1
467,F,1
468,F,1
469,M,1
470,F,1
471,M,1
472,M,1
473,F,1
474,M,1
475,F,1
476,M,1
477,M,1
478,M,1
479,M,1
480,F,1
481,M,1
482,M,1
483,M,1
484,F,1
485,M,1
486,M,1
487,F,1
488,M,1
489,M,1
490,M,1
491,M,1
492,M,1
493,M,1
494,F,1
495,M,1
496,M,1
497,F,1
498,M,1
499,F,1
500,F,1
501,M,1
502,M,1
503,M,1
504,M,1
505,M,1
506,M,1
507,F,1
508,M,1
509,M,1
510,M,1
511,F,1
512,M,1
513,M,1
514,M,1
515,M,1
516,F,1
517,F,1
518,F,1
519,F,1
520,F,1
521,M,1
522,M,1
523,M,1
524,M,1
525,M,1
526,M,1
527,F,1
528,F,1
529,M,1
530,M,1
531,F,1
532,M,1
533,M,1
534,M,1
535,M,1
536,M,1
537,M,1
538,M,1
539,M,1
540,M,1
541,F,1
542,M,1
543,M,1
544,M,1
545,M,1
546,F,1
547,M,1
548,F,1
549,M,1
550,M,1
551,M,1
552,M,1
553,M,1
554,M,1
555,M,1
556,F,1
557,M,1
558,M,1
559,F,1
560,M,1
561,F,1
562,M,1
563,M,1
564,M,1
565,M,1
566,M,1
567,M,1
568,F,1
569,F,1
570,M,1
571,M,1
572,M,1
573,F,1
574,M,1
575,M,1
576,F,1
577,M,1
578,M,1
579,M,1
580,M,1
581,M,1
582,M,1
583,F,1
584,F,1
585,M,1
586,M,1
587,M,1
588,F,1
589,M,1
590,F,1
591,M,1
592,M,1
593,F,1
594,F,1
595,M,1
596,F,1
597,M,1
598,M,1
599,M,1
600,M,1
601,F,1
602,F,1
603,F,1
604,M,1
605,F,1
606,F,1
607,M,1
608,M,1
609,M,1
610,M,1
611,M,1
612,M,1
613,M,1
614,M,1
615,M,1
616,M,1
617,F,1
618,M,1
619,F,1
620,M,1
621,M,1
622,M,1
623,M,1
624,M,1
625,F,1
626,M,1
627,M,1
628,F,1
629,F,1
630,F,1
631,M,1
632,M,1
633,M,1
634,F,1
635,M,1
636,M,1
637,M,1
638,M,1
639,M,1
640,M,1
641,F,1
642,F,1
643,M,1
644,M,1
645,M,1
646,M,1
647,M,1
648,F,1
649,M,1
650,M,1
651,M,1
652,M,1
653,M,1
654,M,1
655,F,1
656,F,1
657,F,1
658,F,1
659,F,1
660,M,1
661,M,1
662,M,1
663,F,1
664,M,1
665,M,1
666,F,1
667,M,1
668,F,1
669,M,1
670,M,1
671,M,1
672,M,1
673,M,1
674,M,1
675,M,1
676,M,1
677,M,1
678,M,1
679,M,1
680,M,1
681,M,1
682,M,1
683,M,1
684,M,1
685,M,1
686,M,1
687,F,1
688,M,1
689,F,1
690,M,1
691,M,1
692,F,1
693,M,1
694,M,1
695,F,1
696,M,1
697,F,1
698,M,1
699,M,1
700,M,1
701,F,1
702,M,1
703,F,1
704,F,1
705,M,1
706,M,1
707,M,1
708,M,1
709,M,1
710,M,1
711,M,1
712,M,1
713,M,1
714,M,1
715,M,1
716,M,1
717,M,1
718,M,1
719,M,1
720,M,1
721,F,1
722,M,1
723,M,1
724,M,1
725,M,1
726,F,1
727,M,1
728,M,1
729,M,1
730,M,1
731,M,1
732,M,1
733,M,1
734,M,1
735,M,1
736,M,1
737,M,1
738,M,1
739,M,1
740,M,1
741,M,1
742,M,1
743,F,1
744,M,1
745,M,1
746,F,1
747,M,1
748,M,1
749,M,1
750,F,1
751,F,1
752,F,1
753,M,1
754,M,1
755,F,1
756,M,1
757,M,1
758,M,1
759,F,1
760,M,1
761,M,1
762,M,1
763,M,1
764,M,1
765,M,1
766,F,1
767,M,1
768,M,1
769,M,1
770,M,1
771,F,1
772,M,1
773,M,1
774,M,1
775,M,1
776,F,1
777,M,1
778,M,1
779,M,1
780,M,1
781,M,1
782,M,1
783,M,1
784,M,1
785,M,1
786,M,1
787,M,1
788,M,1
789,M,1
790,M,1
791,M,1
792,M,1
793,F,1
794,M,1
795,F,1
796,M,1
797,F,1
798,F,1
799,F,1
800,F,1
801,F,1
802,M,1
803,M,1
804,M,1
805,M,1
806,M,1
807,M,1
808,M,1
809,M,1
810,M,1
811,M,1
812,M,1
813,M,1
814,F,1
815,M,1
816,M,1
817,M,1
818,M,1
819,M,1
820,M,1
821,M,1
822,F,1
823,M,1
824,M,1
825,M,1
826,F,1
827,M,1
828,M,1
829,M,1
830,M,1
831,F,1
832,M,1
833,M,1
834,F,1
835,M,1
836,M,1
837,M,1
838,M,1
839,M,1
840,F,1
841,F,1
842,F,1
843,M,1
844,M,1
845,F,1
846,M,1
847,F,1
848,M,1
849,M,1
850,M,1
851,M,1
852,M,1
853,M,1
854,F,1
855,F,1
856,F,1
857,M,1
858,M,1
859,M,1
860,M,1
861,M,1
862,M,1
863,M,1
864,F,1
865,M,1
866,M,1
867,M,1
868,M,1
869,M,1
870,F,1
871,M,1
872,M,1
873,M,1
874,M,1
875,M,1
876,M,1
877,M,1
878,M,1
879,M,1
880,M,1
881,M,1
882,M,1
883,F,1
884,M,1
885,M,1
886,F,1
887,F,1
888,F,1
889,M,1
890,M,1
891,M,1
892,M,1
893,F,1
894,M,1
895,M,1
896,M,1
897,M,1
898,M,1
899,F,1
900,F,1
901,F,1
902,M,1
903,M,1
904,M,1
905,F,1
906,M,1
907,F,1
908,F,1
909,M,1
910,F,1
911,M,1
912,F,1
913,M,1
914,F,1
915,M,1
916,F,1
917,M,1
918,F,1
919,F,1
920,M,1
921,M,1
922,M,1
923,M,1
924,M,1
925,F,1
926,M,1
927,F,1
928,F,1
929,M,1
930,M,1
931,F,1
932,F,1
933,M,1
934,F,1
935,M,1
936,M,1
937,M,1
938,F,1
939,F,1
940,M,1
941,M,1
942,F,1
943,F,1
944,M,1
945,M,1
946,M,1
947,M,1
948,M,1
949,M,1
950,M,1
951,M,1
952,M,1
953,M,1
954,F,1
955,F,1
956,M,1
957,M,1
958,M,1
959,M,1
960,M,1
961,M,1
962,F,1
963,M,1
964,M,1
965,M,1
966,M,1
967,F,1
968,M,1
969,F,1
970,M,1
971,M,1
972,M,1
973,F,1
974,M,1
975,M,1
976,M,1
977,M,1
978,M,1
979,M,1
980,M,1
981,M,1
982,F,1
983,F,1
984,M,1
985,M,1
986,F,1
987,F,1
988,M,1
989,M,1
990,M,1
991,F,1
992,F,1
993,M,1
994,M,1
995,F,1
996,M,1
997,M,1
998,M,1
999,M,1
1000,F,1
1001,M,1
1002,M,1
1003,M,1
1004,M,1
1005,M,1
1006,M,1
1007,M,1
1008,M,1
1009,M,1
1010,M,1
1011,M,1
1012,F,1
1013,M,1
1014,F,1
1015,M,1
1016,M,1
1017,M,1
1018,M,1
1019,M,1
1020,M,1
1021,M,1
1022,M,1
1023,M,1
1024,F,1
1025,M,1
1026,F,1
1027,M,1
1028,F,1
1029,M,1
1030,M,1
1031,M,1
1032,M,1
1033,M,1
1034,F,1
1035,M,1
1036,M,1
1037,M,1
1038,F,1
1039,F,1
1040,M,1
1041,M,1
1042,M,1
1043,F,1
1044,M,1
1045,F,1
1046,M,1
1047,M,1
1048,M,1
1049,M,1
1050,M,1
1051,F,1
1052,F,1
1053,M,1
1054,M,1
1055,M,1
1056,M,1
1057,M,1
1058,M,1
1059,F,1
1060,M,1
1061,M,1
1062,M,1
1063,M,1
1064,M,1
1065,F,1
1066,M,1
1067,M,1
1068,F,1
1069,M,1
1070,F,1
1071,M,1
1072,F,1
1073,F,1
1074,M,1
1075,F,1
1076,F,1
1077,M,1
1078,F,1
1079,M,1
1080,M,1
1081,M,1
1082,M,1
1083,M,1
1084,M,1
1085,M,1
1086,M,1
1087,M,1
1088,F,1
1089,M,1
1090,M,1
1091,M,1
1092,F,1
1093,M,1
1094,F,1
1095,F,1
1096,M,1
1097,M,1
1098,M,1
1099,M,1
1100,M,1
1101,M,1
1102,M,1
1103,F,1
1104,M,1
1105,M,1
1106,M,1
1107,F,1
1108,M,1
1109,M,1
1110,F,1
1111,F,1
1112,M,1
1113,M,1
1114,F,1
1115,F,1
1116,M,1
1117,M,1
1118,M,1
1119,M,1
1120,M,1
1121,M,1
1122,M,1
1123,M,1
1124,M,1
1125,F,1
1126,M,1
1127,M,1
1128,M,1
1129,M,1
1130,M,1
1131,M,1
1132,M,1
1133,M,1
1134,M,1
1135,M,1
1136,F,1
1137,M,1
1138,M,1
1139,M,1
1140,F,1
1141,F,1
1142,M,1
1143,M,1
1144,M,1
1145,M,1
1146,F,1
1147,M,1
1148,M,1
1149,M,1
1150,F,1
1151,M,1
1152,M,1
1153,M,1
1154,F,1
1155,M,1
1156,F,1
1157,M,1
1158,F,1
1159,M,1
1160,M,1
1161,M,1
1162,F,1
1163,M,1
1164,F,1
1165,M,1
1166,M,1
1167,F,1
1168,F,1
1169,M,1
1170,M,1
1171,M,1
1172,F,1
1173,F,1
1174,F,1
1175,F,1
1176,M,1
1177,F,1
1178,M,1
1179,M,1
1180,F,1
1181,M,1
1182,M,1
1183,M,1
1184,F,1
1185,F,1
1186,M,1
1187,F,1
1188,M,1
1189,M,1
1190,M,1
1191,F,1
1192,M,1
1193,M,1
1194,F,1
1195,F,1
1196,F,1
1197,M,1
1198,M,1
1199,M,1
1200,M,1
1201,M,1
1202,M,1
1203,F,1
1204,M,1
1205,F,1
1206,F,1
1207,M,1
1208,M,1
1209,M,1
1210,M,1
1211,M,1
1212,F,1
1213,M,1
1214,M,1
1215,M,1
1216,M,1
1217,M,1
1218,M,1
1219,M,1
1220,M,1
1221,M,1
1222,M,1
1223,M,1
1224,M,1
1225,M,1
1226,M,1
1227,M,1
1228,M,1
1229,F,1
1230,M,1
1231,M,1
1232,F,1
1233,F,1
1234,M,1
1235,F,1
1236,F,1
1237,M,1
1238,F,1
1239,F,1
1240,F,1
1241,M,1
1242,F,1
1243,M,1
1244,M,1
1245,M,1
1246,M,1
1247,M,1
1248,F,1
1249,M,1
1250,M,1
1251,M,1
1252,M,1
1253,F,1
1254,F,1
1255,M,1
1256,M,1
1257,F,1
1258,M,1
1259,M,1
1260,M,1
1261,M,1
1262,M,1
1263,M,1
1264,M,1
1265,F,1
1266,M,1
1267,M,1
1268,M,1
1269,F,1
1270,M,1
1271,F,1
1272,M,1
1273,M,1
1274,M,1
1275,M,1
1276,M,1
1277,F,1
1278,M,1
1279,M,1
1280,M,1
1281,M,1
1282,M,1
1283,F,1
1284,M,1
1285,M,1
1286,M,1
1287,F,1
1288,F,1
1289,M,1
1290,M,1
1291,F,1
1292,M,1
1293,M,1
1294,F,1
1295,F,1
1296,M,1
1297,M,1
1298,M,1
1299,M,1
1300,M,1
1301,F,1
1302,M,1
1303,M,1
1304,M,1
1305,M,1
1306,M,1
1307,M,1
1308,M,1
1309,M,1
1310,M,1
1311,M,1
1312,M,1
1313,M,1
1314,F,1
1315,M,1
1316,M,1
1317,M,1
1318,M,1
1319,F,1
1320,M,1
1321,F,1
1322,M,1
1323,F,1
1324,M,1
1325,M,1
1326,F,1
1327,M,1
1328,M,1
1329,M,1
1330,M,1
1331,M,1
1332,M,1
1333,M,1
1334,M,1
1335,M,1
1336,F,1
1337,M,1
1338,M,1
1339,M,1
1340,M,1
1341,M,1
1342,M,1
1343,M,1
1344,F,1
1345,F,1
1346,M,1
1347,F,1
1348,F,1
1349,M,1
1350,F,1
1351,F,1
1352,M,1
1353,M,1
1354,F,1
1355,F,1
1356,F,1
1357,M,1
1358,M,1
1359,M,1
1360,M,1
1361,F,1
1362,M,1
1363,M,1
1364,F,1
1365,F,1
1366,M,1
1367,M,1
1368,F,1
1369,M,1
1370,M,1
1371,F,1
1372,M,1
1373,F,1
1374,M,1
1375,F,1
1376,F,1
1377,M,1
1378,F,1
1379,F,1
1380,M,1
1381,M,1
1382,F,1
1383,F,1
1384,M,1
1385,F,1
1386,F,1
1387,F,1
1388,M,1
1389,M,1
1390,M,1
1391,M,1
1392,M,1
1393,M,1
1394,F,1
1395,M,1
1396,F,1
1397,M,1
1398,F,1
1399,M,1
1400,M,1
1401,F,1
1402,M,1
1403,F,1
1404,M,1
1405,M,1
1406,M,1
1407,F,1
1408,M,1
1409,M,1
1410,M,1
1411,M,1
1412,M,1
1413,M,1
1414,M,1
1415,M,1
1416,M,1
1417,M,1
1418,M,1
1419,F,1
1420,M,1
1421,F,1
1422,M,1
1423,M,1
1424,M,1
1425,M,1
1426,M,1
1427,M,1
1428,F,1
1429,F,1
1430,M,1
1431,M,1
1432,M,1
1433,F,1
1434,F,1
1435,M,1
1436,F,1
1437,M,1
1438,M,1
1439,M,1
1440,M,1
1441,M,1
1442,M,1
1443,M,1
1444,F,1
1445,M,1
1446,M,1
1447,M,1
1448,F,1
1449,M,1
1450,M,1
1451,M,1
1452,F,1
1453,M,1
1454,M,1
1455,F,1
1456,M,1
1457,M,1
1458,M,1
1459,F,1
1460,F,1
1461,F,1
1462,M,1
1463,M,1
1464,M,1
1465,M,1
1466,M,1
1467,M,1
1468,M,1
1469,M,1
1470,M,1
1471,M,1
1472,M,1
1473,M,1
1474,M,1
1475,F,1
1476,F,1
1477,F,1
1478,M,1
1479,F,1
1480,M,1
1481,M,1
1482,M,1
1483,M,1
1484,M,1
1485,F,1
1486,M,1
1487,M,1
1488,M,1
1489,F,1
1490,M,1
1491,M,1
1492,M,1
1493,F,1
1494,M,1
1495,M,1
1496,M,1
1497,M,1
1498,M,1
1499,M,1
1500,M,1
1501,M,1
1502,M,1
1503,M,1
1504,M,1
1505,M,1
1506,M,1
1507,M,1
1508,F,1
1509,M,1
1510,F,1
1511,M,1
1512,M,1
1513,F,1
1514,M,1
1515,M,1
1516,F,1
1517,M,1
1518,M,1
1519,M,1
1520,M,1
1521,F,1
1522,M,1
1523,M,1
1524,M,1
1525,F,1
1526,M,1
1527,M,1
1528,M,1
1529,M,1
1530,M,1
1531,M,1
1532,M,1
1533,M,1
1534,M,1
1535,F,1
1536,F,1
1537,M,1
1538,M,1
1539,M,1
1540,M,1
1541,M,1
1542,M,1
1543,M,1
1544,M,1
1545,M,1
1546,M,1
1547,M,1
1548,M,1
1549,M,1
1550,M,1
1551,M,1
1552,M,1
1553,F,1
1554,F,1
1555,F,1
1556,M,1
1557,F,1
1558,M,1
1559,M,1
1560,F,1
1561,F,1
1562,M,1
1563,F,1
1564,M,1
1565,M,1
1566,M,1
1567,M,1
1568,F,1
1569,F,1
1570,M,1
1571,M,1
1572,F,1
1573,M,1
1574,M,1
1575,F,1
1576,F,1
1577,M,1
1578,M,1
1579,M,1
1580,F,1
1581,F,1
1582,M,1
1583,M,1
1584,M,1
1585,M,1
1586,M,1
1587,F,1
1588,M,1
1589,M,1
1590,M,1
1591,M,1
1592,M,1
1593,M,1
1594,F,1
1595,M,1
1596,F,1
1597,M,1
1598,M,1
1599,M,1
1600,M,1
1601,M,1
1602,F,1
1603,F,1
1604,M,1
1605,F,1
1606,F,1
1607,M,1
1608,M,1
1609,F,1
1610,M,1
1611,M,1
1612,M,1
1613,M,1
1614,M,1
1615,F,1
1616,M,1
1617,M,1
1618,M,1
1619,M,1
1620,M,1
1621,M,1
1622,M,1
1623,M,1
1624,M,1
1625,M,1
1626,M,1
1627,M,1
1628,M,1
1629,M,1
1630,M,1
1631,F,1
1632,M,1
1633,F,1
1634,F,1
1635,M,1
1636,F,1
1637,M,1
1638,F,1
1639,M,1
1640,M,1
1641,M,1
1642,M,1
1643,M,1
1644,M,1
1645,F,1
1646,M,1
1647,M,1
1648,M,1
1649,M,1
1650,M,1
1651,M,1
1652,M,1
1653,M,1
1654,F,1
1655,M,1
1656,M,1
1657,F,1
1658,F,1
1659,F,1
1660,F,1
1661,M,1
1662,M,1
1663,M,1
1664,F,1
1665,M,1
1666,M,1
1667,M,1
1668,M,1
1669,F,1
1670,F,1
1671,M,1
1672,M,1
1673,M,1
1674,M,1
1675,F,1
1676,M,1
1677,M,1
1678,F,1
1679,M,1
1680,M,1
1681,M,1
1682,M,1
1683,F,1
1684,M,1
1685,M,1
1686,M,1
1687,M,1
1688,F,1
1689,M,1
1690,M,1
1691,F,1
1692,M,1
1693,M,1
1694,M,1
1695,M,1
1696,M,1
1697,F,1
1698,M,1
1699,F,1
1700,M,1
1701,F,1
1702,M,1
1703,M,1
1704,M,1
1705,F,1
1706,M,1
1707,M,1
1708,M,1
1709,M,1
1710,M,1
1711,F,1
1712,M,1
1713,M,1
1714,M,1
1715,M,1
1716,M,1
1717,F,1
1718,M,1
1719,M,1
1720,M,1
1721,M,1
1722,M,1
1723,M,1
1724,M,1
1725,M,1
1726,M,1
1727,M,1
1728,M,1
1729,M,1
1730,F,1
1731,F,1
1732,M,1
1733,M,1
1734,M,1
1735,M,1
1736,M,1
1737,M,1
1738,M,1
1739,M,1
1740,M,1
1741,M,1
1742,M,1
1743,M,1
1744,M,1
1745,M,1
1746,M,1
1747,M,1
1748,M,1
1749,M,1
1750,M,1
1751,M,1
1752,M,1
1753,M,1
1754,M,1
1755,F,1
1756,F,1
1757,M,1
1758,F,1
1759,M,1
1760,F,1
1761,M,1
1762,M,1
1763,M,1
1764,M,1
1765,M,1
1766,F,1
1767,M,1
1768,M,1
1769,M,1
1770,M,1
1771,M,1
1772,M,1
1773,M,1
1774,M,1
1775,M,1
1776,M,1
1777,M,1
1778,M,1
1779,M,1
1780,M,1
1781,F,1
1782,M,1
1783,M,1
1784,M,1
1785,M,1
1786,M,1
1787,M,1
1788,M,1
1789,M,1
1790,M,1
1791,M,1
1792,F,1
1793,M,1
1794,M,1
1795,M,1
1796,M,1
1797,M,1
1798,M,1
1799,M,1
1800,M,1
1801,F,1
1802,M,1
1803,M,1
1804,M,1
1805,M,1
1806,M,1
1807,M,1
1808,F,1
1809,F,1
1810,M,1
1811,M,1
1812,F,1
1813,F,1
1814,M,1
1815,M,1
1816,F,1
1817,M,1
1818,M,1
1819,F,1
1820,M,1
1821,M,1
1822,F,1
1823,F,1
1824,F,1
1825,M,1
1826,M,1
1827,F,1
1828,M,1
1829,M,1
1830,M,1
1831,M,1
1832,F,1
1833,M,1
1834,M,1
1835,M,1
1836,M,1
1837,M,1
1838,M,1
1839,M,1
1840,M,1
1841,M,1
1842,M,1
1843,M,1
1844,F,1
1845,M,1
1846,M,1
1847,M,1
1848,M,1
1849,M,1
1850,M,1
1851,M,1
1852,M,1
1853,M,1
1854,M,1
1855,M,1
1856,M,1
1857,M,1
1858,F,1
1859,F,1
1860,M,1
1861,M,1
1862,M,1
1863,M,1
1864,M,1
1865,F,1
1866,M,1
1867,M,1
1868,M,1
1869,M,1
1870,M,1
1871,F,1
1872,M,1
1873,M,1
1874,M,1
1875,M,1
1876,M,1
1877,F,1
1878,M,1
1879,M,1
1880,M,1
1881,M,1
1882,M,1
1883,F,1
1884,M,1
1885,M,1
1886,M,1
1887,M,1
1888,M,1
1889,M,1
1890,M,1
1891,M,1
1892,M,1
1893,F,1
1894,F,1
1895,M,1
1896,M,1
1897,F,1
1898,M,1
1899,F,1
1900,M,1
1901,M,1
1902,M,1
1903,M,1
1904,M,1
1905,F,1
1906,F,1
1907,M,1
1908,M,1
1909,M,1
1910,M,1
1911,F,1
1912,M,1
1913,M,1
1914,F,1
1915,M,1
1916,M,1
1917,M,1
1918,F,1
1919,M,1
1920,F,1
1921,M,1
1922,F,1
1923,M,1
1924,F,1
1925,M,1
1926,F,1
1927,M,1
1928,M,1
1929,F,1
1930,M,1
1931,M,1
1932,M,1
1933,M,1
1934,M,1
1935,M,1
1936,M,1
1937,M,1
1938,F,1
1939,F,1
1940,M,1
1941,M,1
1942,M,1
1943,M,1
1944,F,1
1945,M,1
1946,M,1
1947,M,1
1948,M,1
1949,M,1
1950,M,1
1951,F,1
1952,M,1
1953,F,1
1954,M,1
1955,M,1
1956,M,1
1957,F,1
1958,F,1
1959,F,1
1960,M,1
1961,F,1
1962,F,1
1963,F,1
1964,F,1
1965,M,1
1966,M,1
1967,M,1
1968,M,1
1969,F,1
1970,M,1
1971,F,1
1972,M,1
1973,M,1
1974,M,1
1975,M,1
1976,M,1
1977,M,1
1978,M,1
1979,M,1
1980,M,1
1981,M,1
1982,M,1
1983,M,1
1984,M,1
1985,M,1
1986,M,1
1987,M,1
1988,F,1
1989,M,1
1990,M,1
1991,M,1
1992,M,1
1993,M,1
1994,M,1
1995,M,1
1996,M,1
1997,M,1
1998,F,1
1999,F,1
2000,M,1
2001,M,1
2002,F,1
2003,M,1
2004,M,1
2005,M,1
2006,M,1
2007,M,1
2008,M,1
2009,F,1
2010,M,1
2011,F,1
2012,M,1
2013,M,1
2014,M,1
2015,M,1
2016,F,1
2017,M,1
2018,M,1
2019,M,1
2020,M,1
2021,M,1
2022,M,1
2023,M,1
2024,M,1
2025,M,1
2026,M,1
2027,F,1
2028,M,1
2029,F,1
2030,M,1
2031,M,1
2032,M,1
2033,F,1
2034,F,1
2035,F,1
2036,F,1
2037,M,1
2038,F,1
2039,M,1
2040,F,1
2041,F,1
2042,M,1
2043,M,1
2044,F,1
2045,F,1
2046,M,1
2047,M,1
2048,M,1
2049,F,1
2050,F,1
2051,M,1
2052,M,1
2053,M,1
2054,M,1
2055,M,1
2056,M,1
2057,M,1
2058,F,1
2059,M,1
2060,M,1
2061,M,1
2062,M,1
2063,M,1
2064,M,1
2065,M,1
2066,F,1
2067,M,1
2068,F,1
2069,M,1
2070,F,1
2071,M,1
2072,F,1
2073,F,1
2074,M,1
2075,F,1
2076,M,1
2077,M,1
2078,M,1
2079,M,1
2080,M,1
2081,M,1
2082,M,1
2083,M,1
2084,M,1
2085,M,1
2086,M,1
2087,M,1
2088,M,1
2089,M,1
2090,M,1
2091,F,1
2092,M,1
2093,M,1
2094,M,1
2095,M,1
2096,F,1
2097,M,1
2098,M,1
2099,F,1
2100,F,1
2101,M,1
2102,M,1
2103,M,1
2104,M,1
2105,M,1
2106,F,1
2107,M,1
2108,M,1
2109,M,1
2110,M,1
2111,M,1
2112,F,1
2113,M,1
2114,M,1
2115,M,1
2116,M,1
2117,M,1
2118,M,1
2119,M,1
2120,M,1
2121,M,1
2122,M,1
2123,F,1
2124,M,1
2125,M,1
2126,M,1
2127,M,1
2128,F,1
2129,M,1
2130,M,1
2131,M,1
2132,M,1
2133,F,1
2134,M,1
2135,M,1
2136,M,1
2137,F,1
2138,F,1
2139,F,1
2140,M,1
2141,F,1
2142,F,1
2143,M,1
2144,M,1
2145,M,1
2146,M,1
2147,F,1
2148,F,1
2149,M,1
2150,F,1
2151,M,1
2152,M,1
2153,M,1
2154,M,1
2155,F,1
2156,M,1
2157,F,1
2158,M,1
2159,F,1
2160,F,1
2161,F,1
2162,F,1
2163,M,1
2164,M,1
2165,M,1
2166,M,1
2167,F,1
2168,M,1
2169,M,1
2170,F,1
2171,M,1
2172,M,1
2173,M,1
2174,M,1
2175,M,1
2176,M,1
2177,F,1
2178,M,1
2179,F,1
2180,M,1
2181,M,1
2182,F,1
2183,F,1
2184,M,1
2185,M,1
2186,M,1
2187,M,1
2188,F,1
2189,M,1
2190,F,1
2191,M,1
2192,F,1
2193,M,1
2194,M,1
2195,M,1
2196,M,1
2197,F,1
2198,F,1
2199,M,1
2200,M,1
2201,M,1
2202,F,1
2203,M,1
2204,M,1
2205,F,1
2206,M,1
2207,M,1
2208,M,1
2209,M,1
2210,M,1
2211,M,1
2212,M,1
2213,F,1
2214,F,1
2215,F,1
2216,F,1
2217,M,1
2218,M,1
2219,M,1
2220,F,1
2221,M,1
2222,F,1
2223,M,1
2224,M,1
2225,M,1
2226,F,1
2227,M,1
2228,M,1
2229,M,1
2230,F,1
2231,M,1
2232,M,1
2233,F,1
2234,M,1
2235,M,1
2236,M,1
2237,F,1
2238,F,1
2239,M,1
2240,M,1
2241,M,1
2242,M,1
2243,M,1
2244,M,1
2245,M,1
2246,M,1
2247,M,1
2248,F,1
2249,M,1
2250,M,1
2251,M,1
2252,F,1
2253,F,1
2254,M,1
2255,F,1
2256,F,1
2257,F,1
2258,F,1
2259,F,1
2260,F,1
2261,M,1
2262,M,1
2263,M,1
2264,F,1
2265,M,1
2266,F,1
2267,F,1
2268,F,1
2269,F,1
2270,M,1
2271,M,1
2272,M,1
2273,M,1
2274,M,1
2275,M,1
2276,M,1
2277,F,1
2278,M,1
2279,M,1
2280,M,1
2281,M,1
2282,M,1
2283,M,1
2284,M,1
2285,F,1
2286,M,1
2287,M,1
2288,M,1
2289,F,1
2290,M,1
2291,M,1
2292,M,1
2293,F,1
2294,M,1
2295,M,1
2296,F,1
2297,M,1
2298,M,1
2299,F,1
2300,M,1
2301,F,1
2302,M,1
2303,M,1
2304,M,1
2305,M,1
2306,F,1
2307,M,1
2308,F,1
2309,F,1
2310,M,1
2311,F,1
2312,M,1
2313,F,1
2314,F,1
2315,M,1
2316,M,1
2317,F,1
2318,M,1
2319,M,1
2320,F,1
2321,M,1
2322,F,1
2323,M,1
2324,M,1
2325,F,1
2326,M,1
2327,M,1
2328,M,1
2329,F,1
2330,M,1
2331,M,1
2332,M,1
2333,M,1
2334,F,1
2335,M,1
2336,M,1
2337,M,1
2338,M,1
2339,F,1
2340,M,1
2341,M,1
2342,M,1
2343,F,1
2344,M,1
2345,M,1
2346,F,1
2347,M,1
2348,M,1
2349,M,1
2350,M,1
2351,F,1
2352,M,1
2353,F,1
2354,M,1
2355,F,1
2356,F,1
2357,F,1
2358,F,1
2359,M,1
2360,M,1
2361,M,1
2362,M,1
2363,M,1
2364,F,1
2365,M,1
2366,F,1
2367,F,1
2368,F,1
2369,M,1
2370,M,1
2371,F,1
2372,F,1
2373,M,1
2374,M,1
2375,F,1
2376,M,1
2377,M,1
2378,M,1
2379,M,1
2380,M,1
2381,F,1
2382,M,1
2383,F,1
2384,M,1
2385,F,1
2386,F,1
2387,M,1
2388,M,1
2389,M,1
2390,F,1
2391,M,1
2392,F,1
2393,M,1
2394,M,1
2395,M,1
2396,F,1
2397,F,1
2398,M,1
2399,M,1
2400,F,1
2401,M,1
2402,M,1
2403,M,1
2404,M,1
2405,M,1
2406,F,1
2407,M,1
2408,F,1
2409,F,1
2410,M,1
2411,F,1
2412,M,1
2413,F,1
2414,M,1
2415,M,1
2416,M,1
2417,M,1
2418,F,1
2419,M,1
2420,M,1
2421,M,1
2422,F,1
2423,F,1
2424,M,1
2425,F,1
2426,M,1
2427,F,1
2428,M,1
2429,M,1
2430,M,1
2431,F,1
2432,M,1
2433,M,1
2434,M,1
2435,M,1
2436,M,1
2437,M,1
2438,M,1
2439,M,1
2440,M,1
2441,F,1
2442,M,1
2443,F,1
2444,F,1
2445,M,1
2446,M,1
2447,M,1
2448,M,1
2449,M,1
2450,M,1
2451,M,1
2452,M,1
2453,M,1
2454,M,1
2455,M,1
2456,M,1
2457,M,1
2458,M,1
2459,M,1
2460,F,1
2461,M,1
2462,M,1
2463,M,1
2464,F,1
2465,M,1
2466,M,1
2467,M,1
2468,M,1
2469,M,1
2470,M,1
2471,M,1
2472,M,1
2473,M,1
2474,M,1
2475,F,1
2476,M,1
2477,M,1
2478,M,1
2479,F,1
2480,F,1
2481,M,1
2482,F,1
2483,M,1
2484,M,1
2485,M,1
2486,M,1
2487,M,1
2488,F,1
2489,F,1
2490,M,1
2491,M,1
2492,F,1
2493,M,1
2494,M,1
2495,F,1
2496,M,1
2497,F,1
2498,M,1
2499,M,1
2500,M,1
2501,M,1
2502,M,1
2503,M,1
2504,M,1
2505,M,1
2506,F,1
2507,M,1
2508,F,1
2509,M,1
2510,M,1
2511,M,1
2512,F,1
2513,M,1
2514,M,1
2515,M,1
2516,F,1
2517,F,1
2518,M,1
2519,F,1
2520,F,1
2521,M,1
2522,M,1
2523,M,1
2524,F,1
2525,F,1
2526,M,1
2527,M,1
2528,M,1
2529,F,1
2530,M,1
2531,F,1
2532,F,1
2533,F,1
2534,F,1
2535,F,1
2536,M,1
2537,M,1
2538,M,1
2539,M,1
2540,F,1
2541,F,1
2542,F,1
2543,F,1
2544,M,1
2545,M,1
2546,F,1
2547,F,1
2548,F,1
2549,M,1
2550,M,1
2551,M,1
2552,F,1
2553,M,1
2554,M,1
2555,M,1
2556,M,1
2557,F,1
2558,M,1
2559,M,1
2560,F,1
2561,M,1
2562,M,1
2563,M,1
2564,F,1
2565,M,1
2566,M,1
2567,M,1
2568,M,1
2569,M,1
2570,F,1
2571,M,1
2572,M,1
2573,M,1
2574,M,1
2575,M,1
2576,M,1
2577,M,1
2578,M,1
2579,M,1
2580,F,1
2581,M,1
2582,F,1
2583,M,1
2584,F,1
2585,M,1
2586,M,1
2587,M,1
2588,F,1
2589,M,1
2590,M,1
2591,M,1
2592,M,1
2593,M,1
2594,M,1
2595,M,1
2596,M,1
2597,F,1
2598,M,1
2599,M,1
2600,M,1
2601,M,1
2602,M,1
2603,M,1
2604,M,1
2605,M,1
2606,M,1
2607,F,1
2608,F,1
2609,F,1
2610,M,1
2611,M,1
2612,F,1
2613,M,1
2614,M,1
2615,M,1
2616,M,1
2617,F,1
2618,F,1
2619,M,1
2620,M,1
2621,M,1
2622,F,1
2623,M,1
2624,F,1
2625,M,1
2626,M,1
2627,M,1
2628,F,1
2629,M,1
2630,F,1
2631,F,1
2632,M,1
2633,F,1
2634,M,1
2635,M,1
2636,M,1
2637,F,1
2638,M,1
2639,F,1
2640,M,1
2641,M,1
2642,M,1
2643,M,1
2644,M,1
2645,M,1
2646,M,1
2647,F,1
2648,M,1
2649,M,1
2650,M,1
2651,M,1
2652,M,1
2653,M,1
2654,F,1
2655,M,1
2656,M,1
2657,F,1
2658,M,1
2659,M,1
2660,M,1
2661,M,1
2662,M,1
2663,F,1
2664,M,1
2665,M,1
2666,M,1
2667,F,1
2668,F,1
2669,M,1
2670,M,1
2671,F,1
2672,M,1
2673,M,1
2674,M,1
2675,M,1
2676,M,1
2677,F,1
2678,M,1
2679,F,1
2680,M,1
2681,F,1
2682,M,1
2683,M,1
2684,F,1
2685,M,1
2686,M,1
2687,M,1
2688,M,1
2689,M,1
2690,M,1
2691,M,1
2692,F,1
2693,M,1
2694,M,1
2695,M,1
2696,M,1
2697,F,1
2698,F,1
2699,F,1
2700,M,1
2701,M,1
2702,M,1
2703,M,1
2704,M,1
2705,M,1
2706,F,1
2707,M,1
2708,M,1
2709,F,1
2710,M,1
2711,F,1
2712,F,1
2713,M,1
2714,M,1
2715,F,1
2716,F,1
2717,M,1
2718,F,1
2719,M,1
2720,M,1
2721,M,1
2722,M,1
2723,F,1
2724,F,1
2725,M,1
2726,M,1
2727,M,1
2728,M,1
2729,M,1
2730,M,1
2731,M,1
2732,M,1
2733,M,1
2734,F,1
2735,M,1
2736,M,1
2737,M,1
2738,F,1
2739,F,1
2740,M,1
2741,M,1
2742,M,1
2743,M,1
2744,M,1
2745,F,1
2746,M,1
2747,F,1
2748,M,1
2749,M,1
2750,F,1
2751,F,1
2752,M,1
2753,F,1
2754,M,1
2755,M,1
2756,M,1
2757,M,1
2758,M,1
2759,M,1
2760,M,1
2761,M,1
2762,M,1
2763,F,1
2764,M,1
2765,M,1
2766,M,1
2767,M,1
2768,M,1
2769,M,1
2770,M,1
2771,M,1
2772,M,1
2773,M,1
2774,M,1
2775,F,1
2776,M,1
2777,M,1
2778,M,1
2779,M,1
2780,M,1
2781,M,1
2782,F,1
2783,M,1
2784,M,1
2785,M,1
2786,M,1
2787,M,1
2788,M,1
2789,M,1
2790,M,1
2791,M,1
2792,M,1
2793,M,1
2794,M,1
2795,M,1
2796,M,1
2797,F,1
2798,M,1
2799,M,1
2800,F,1
2801,F,1
2802,M,1
2803,M,1
2804,F,1
2805,M,1
2806,M,1
2807,F,1
2808,M,1
2809,M,1
2810,F,1
2811,M,1
2812,M,1
2813,M,1
2814,M,1
2815,M,1
2816,M,1
2817,M,1
2818,M,1
2819,M,1
2820,F,1
2821,M,1
2822,M,1
2823,M,1
2824,M,1
2825,F,1
2826,M,1
2827,M,1
2828,M,1
2829,M,1
2830,M,1
2831,M,1
2832,M,1
2833,M,1
2834,M,1
2835,M,1
2836,M,1
2837,M,1
2838,M,1
2839,M,1
2840,M,1
2841,M,1
2842,M,1
2843,F,1
2844,M,1
2845,M,1
2846,F,1
2847,M,1
2848,M,1
2849,M,1
2850,M,1
2851,F,1
2852,M,1
2853,M,1
2854,F,1
2855,M,1
2856,M,1
2857,M,1
2858,F,1
2859,M,1
2860,M,1
2861,M,1
2862,M,1
2863,F,1
2864,F,1
2865,F,1
2866,M,1
2867,M,1
2868,M,1
2869,M,1
2870,M,1
2871,F,1
2872,M,1
2873,F,1
2874,F,1
2875,M,1
2876,M,1
2877,M,1
2878,F,1
2879,M,1
2880,M,1
2881,F,1
2882,M,1
2883,M,1
2884,F,1
2885,F,1
2886,M,1
2887,M,1
2888,M,1
2889,M,1
2890,M,1
2891,F,1
2892,M,1
2893,M,1
2894,M,1
2895,M,1
2896,M,1
2897,M,1
2898,M,1
2899,M,1
2900,M,1
2901,M,1
2902,M,1
2903,M,1
2904,M,1
2905,M,1
2906,M,1
2907,F,1
2908,M,1
2909,M,1
2910,M,1
2911,F,1
2912,F,1
2913,F,1
2914,M,1
2915,M,1
2916,M,1
2917,M,1
2918,M,1
2919,M,1
2920,M,1
2921,M,1
2922,M,1
2923,M,1
2924,F,1
2925,F,1
2926,F,1
2927,M,1
2928,M,1
2929,M,1
2930,M,1
2931,M,1
2932,M,1
2933,M,1
2934,F,1
2935,M,1
2936,F,1
2937,F,1
2938,F,1
2939,F,1
2940,M,1
2941,M,1
2942,F,1
2943,M,1
2944,F,1
2945,F,1
2946,M,1
2947,F,1
2948,M,1
2949,M,1
2950,M,1
2951,F,1
2952,M,1
2953,M,1
2954,M,1
2955,M,1
2956,M,1
2957,M,1
2958,M,1
2959,M,1
2960,M,1
2961,M,1
2962,M,1
2963,F,1
2964,M,1
2965,F,1
2966,F,1
2967,M,1
2968,F,1
2969,M,1
2970,M,1
2971,M,1
2972,M,1
2973,F,1
2974,M,1
2975,M,1
2976,M,1
2977,F,1
2978,M,1
2979,M,1
2980,M,1
2981,M,1
2982,M,1
2983,M,1
2984,M,1
2985,M,1
2986,M,1
2987,M,1
2988,F,1
2989,M,1
2990,M,1
2991,M,1
2992,M,1
2993,M,1
2994,M,1
2995,M,1
2996,M,1
2997,F,1
2998,F,1
2999,M,1
3000,M,1
3001,M,1
3002,M,1
3003,M,1
3004,F,1
3005,M,1
3006,M,1
3007,M,1
3008,M,1
3009,F,1
3010,M,1
3011,M,1
3012,M,1
3013,M,1
3014,M,1
3015,M,1
3016,M,1
3017,F,1
3018,M,1
3019,M,1
3020,F,1
3021,F,1
3022,M,1
3023,F,1
3024,M,1
3025,F,1
3026,F,1
3027,M,1
3028,M,1
3029,M,1
3030,M,1
3031,M,1
3032,M,1
3033,M,1
3034,F,1
3035,F,1
3036,M,1
3037,F,1
3038,F,1
3039,F,1
3040,M,1
3041,M,1
3042,M,1
3043,M,1
3044,M,1
3045,M,1
3046,M,1
3047,F,1
3048,M,1
3049,F,1
3050,M,1
3051,M,1
3052,M,1
3053,F,1
3054,M,1
3055,F,1
3056,M,1
3057,F,1
3058,M,1
3059,M,1
3060,F,1
3061,M,1
3062,M,1
3063,M,1
3064,M,1
3065,F,1
3066,M,1
3067,F,1
3068,F,1
3069,M,1
3070,F,1
3071,M,1
3072,M,1
3073,M,1
3074,M,1
3075,F,1
3076,M,1
3077,M,1
3078,F,1
3079,F,1
3080,M,1
3081,M,1
3082,F,1
3083,F,1
3084,M,1
3085,M,1
3086,M,1
3087,F,1
3088,F,1
3089,M,1
3090,M,1
3091,F,1
3092,M,1
3093,F,1
3094,M,1
3095,F,1
3096,F,1
3097,F,1
3098,M,1
3099,M,1
3100,F,1
3101,M,1
3102,M,1
3103,M,1
3104,M,1
3105,M,1
3106,M,1
3107,M,1
3108,M,1
3109,F,1
3110,M,1
3111,M,1
3112,M,1
3113,M,1
3114,M,1
3115,M,1
3116,M,1
3117,M,1
3118,M,1
3119,M,1
3120,M,1
3121,M,1
3122,F,1
3123,M,1
3124,M,1
3125,M,1
3126,M,1
3127,F,1
3128,M,1
3129,M,1
3130,M,1
3131,F,1
3132,M,1
3133,M,1
3134,M,1
3135,M,1
3136,F,1
3137,M,1
3138,M,1
3139,M,1
3140,F,1
3141,M,1
3142,M,1
3143,F,1
3144,F,1
3145,M,1
3146,M,1
3147,M,1
3148,M,1
3149,M,1
3150,F,1
3151,F,1
3152,M,1
3153,F,1
3154,F,1
3155,M,1
3156,M,1
3157,M,1
3158,M,1
3159,F,1
3160,M,1
3161,M,1
3162,M,1
3163,M,1
3164,M,1
3165,M,1
3166,M,1
3167,M,1
3168,F,1
3169,M,1
3170,M,1
3171,F,1
3172,M,1
3173,M,1
3174,F,1
3175,M,1
3176,M,1
3177,F,1
3178,F,1
3179,F,1
3180,M,1
3181,M,1
3182,M,1
3183,M,1
3184,F,1
3185,M,1
3186,M,1
3187,M,1
3188,M,1
3189,M,1
3190,M,1
3191,M,1
3192,M,1
3193,M,1
3194,M,1
3195,M,1
3196,F,1
3197,F,1
3198,M,1
3199,M,1
3200,F,1
3201,M,1
3202,F,1
3203,M,1
3204,M,1
3205,F,1
3206,M,1
3207,M,1
3208,M,1
3209,M,1
3210,F,1
3211,M,1
3212,F,1
3213,F,1
3214,F,1
3215,F,1
3216,M,1
3217,F,1
3218,M,1
3219,F,1
3220,M,1
3221,M,1
3222,M,1
3223,M,1
3224,F,1
3225,M,1
3226,M,1
3227,F,1
3228,M,1
3229,F,1
3230,M,1
3231,M,1
3232,M,1
3233,M,1
3234,F,1
3235,M,1
3236,M,1
3237,M,1
3238,M,1
3239,F,1
3240,M,1
3241,F,1
3242,M,1
3243,M,1
3244,F,1
3245,M,1
3246,F,1
3247,M,1
3248,F,1
3249,F,1
3250,M,1
3251,M,1
3252,M,1
3253,F,1
3254,F,1
3255,F,1
3256,M,1
3257,M,1
3258,M,1
3259,F,1
3260,M,1
3261,M,1
3262,M,1
3263,M,1
3264,F,1
3265,M,1
3266,F,1
3267,M,1
3268,M,1
3269,F,1
3270,M,1
3271,F,1
3272,M,1
3273,M,1
3274,M,1
3275,M,1
3276,M,1
3277,M,1
3278,M,1
3279,M,1
3280,M,1
3281,M,1
3282,M,1
3283,M,1
3284,M,1
3285,M,1
3286,F,1
3287,M,1
3288,M,1
3289,M,1
3290,M,1
3291,F,1
3292,F,1
3293,M,1
3294,M,1
3295,M,1
3296,M,1
3297,M,1
3298,M,1
3299,F,1
3300,M,1
3301,F,1
3302,M,1
3303,M,1
3304,F,1
3305,M,1
3306,M,1
3307,M,1
3308,F,1
3309,M,1
3310,M,1
3311,M,1
3312,F,1
3313,M,1
3314,M,1
3315,M,1
3316,M,1
3317,M,1
3318,M,1
3319,F,1
3320,M,1
3321,M,1
3322,F,1
3323,M,1
3324,M,1
3325,F,1
3326,M,1
3327,M,1
3328,M,1
3329,M,1
3330,F,1
3331,F,1
3332,M,1
3333,M,1
3334,M,1
3335,M,1
3336,M,1
3337,M,1
3338,M,1
3339,M,1
3340,M,1
3341,M,1
3342,F,1
3343,F,1
3344,M,1
3345,M,1
3346,M,1
3347,F,1
3348,M,1
3349,F,1
3350,F,1
3351,F,1
3352,M,1
3353,M,1
3354,M,1
3355,M,1
3356,M,1
3357,M,1
3358,F,1
3359,M,1
3360,F,1
3361,M,1
3362,F,1
3363,F,1
3364,M,1
3365,M,1
3366,M,1
3367,M,1
3368,M,1
3369,M,1
3370,M,1
3371,M,1
3372,M,1
3373,M,1
3374,M,1
3375,M,1
3376,M,1
3377,M,1
3378,M,1
3379,M,1
3380,M,1
3381,M,1
3382,F,1
3383,M,1
3384,M,1
3385,F,1
3386,M,1
3387,M,1
3388,F,1
3389,M,1
3390,F,1
3391,M,1
3392,M,1
3393,M,1
3394,M,1
3395,M,1
3396,M,1
3397,M,1
3398,M,1
3399,M,1
3400,M,1
3401,M,1
3402,M,1
3403,M,1
3404,M,1
3405,M,1
3406,F,1
3407,F,1
3408,M,1
3409,M,1
3410,M,1
3411,M,1
3412,M,1
3413,F,1
3414,M,1
3415,M,1
3416,M,1
3417,F,1
3418,F,1
3419,M,1
3420,F,1
3421,M,1
3422,M,1
3423,M,1
3424,M,1
3425,M,1
3426,M,1
3427,M,1
3428,M,1
3429,F,1
3430,F,1
3431,F,1
3432,M,1
3433,M,1
3434,M,1
3435,M,1
3436,M,1
3437,F,1
3438,F,1
3439,M,1
3440,M,1
3441,F,1
3442,M,1
3443,F,1
3444,M,1
3445,F,1
3446,M,1
3447,M,1
3448,F,1
3449,M,1
3450,M,1
3451,F,1
3452,M,1
3453,M,1
3454,M,1
3455,F,1
3456,M,1
3457,M,1
3458,M,1
3459,M,1
3460,M,1
3461,M,1
3462,F,1
3463,M,1
3464,F,1
3465,M,1
3466,M,1
3467,M,1
3468,M,1
3469,M,1
3470,M,1
3471,M,1
3472,M,1
3473,F,1
3474,M,1
3475,M,1
3476,M,1
3477,F,1
3478,M,1
3479,M,1
3480,M,1
3481,M,1
3482,M,1
3483,F,1
3484,M,1
3485,M,1
3486,F,1
3487,M,1
3488,M,1
3489,M,1
3490,M,1
3491,M,1
3492,M,1
3493,M,1
3494,M,1
3495,M,1
3496,M,1
3497,F,1
3498,M,1
3499,M,1
3500,M,1
3501,F,1
3502,F,1
3503,M,1
3504,M,1
3505,F,1
3506,M,1
3507,M,1
3508,M,1
3509,M,1
3510,F,1
3511,M,1
3512,M,1
3513,M,1
3514,M,1
3515,M,1
3516,M,1
3517,M,1
3518,F,1
3519,F,1
3520,M,1
3521,M,1
3522,M,1
3523,M,1
3524,F,1
3525,F,1
3526,M,1
3527,M,1
3528,M,1
3529,F,1
3530,M,1
3531,F,1
3532,F,1
3533,M,1
3534,M,1
3535,M,1
3536,M,1
3537,M,1
3538,M,1
3539,F,1
3540,M,1
3541,M,1
3542,M,1
3543,M,1
3544,F,1
3545,M,1
3546,M,1
3547,M,1
3548,M,1
3549,F,1
3550,M,1
3551,F,1
3552,F,1
3553,M,1
3554,M,1
3555,M,1
3556,M,1
3557,M,1
3558,M,1
3559,M,1
3560,F,1
3561,M,1
3562,F,1
3563,M,1
3564,M,1
3565,M,1
3566,M,1
3567,M,1
3568,M,1
3569,F,1
3570,M,1
3571,M,1
3572,M,1
3573,M,1
3574,F,1
3575,M,1
3576,M,1
3577,F,1
3578,M,1
3579,M,1
3580,F,1
3581,M,1
3582,F,1
3583,F,1
3584,M,1
3585,M,1
3586,M,1
3587,M,1
3588,M,1
3589,F,1
3590,F,1
3591,M,1
3592,F,1
3593,F,1
3594,M,1
3595,M,1
3596,F,1
3597,M,1
3598,M,1
3599,M,1
3600,M,1
3601,F,1
3602,M,1
3603,F,1
3604,F,1
3605,M,1
3606,F,1
3607,M,1
3608,F,1
3609,F,1
3610,M,1
3611,M,1
3612,M,1
3613,M,1
3614,M,1
3615,M,1
3616,M,1
3617,M,1
3618,M,1
3619,M,1
3620,M,1
3621,M,1
3622,M,1
3623,M,1
3624,M,1
3625,M,1
3626,M,1
3627,F,1
3628,M,1
3629,F,1
3630,M,1
3631,M,1
3632,M,1
3633,M,1
3634,M,1
3635,M,1
3636,M,1
3637,M,1
3638,M,1
3639,M,1
3640,M,1
3641,M,1
3642,F,1
3643,M,1
3644,F,1
3645,M,1
3646,M,1
3647,M,1
3648,M,1
3649,F,1
3650,M,1
3651,M,1
3652,M,1
3653,M,1
3654,M,1
3655,F,1
3656,F,1
3657,M,1
3658,F,1
3659,M,1
3660,M,1
3661,M,1
3662,M,1
3663,F,1
3664,F,1
3665,M,1
3666,M,1
3667,F,1
3668,F,1
3669,M,1
3670,M,1
3671,M,1
3672,M,1
3673,M,1
3674,M,1
3675,M,1
3676,F,1
3677,F,1
3678,M,1
3679,M,1
3680,F,1
3681,M,1
3682,F,1
3683,M,1
3684,M,1
3685,M,1
3686,M,1
3687,F,1
3688,M,1
3689,M,1
3690,M,1
3691,M,1
3692,M,1
3693,M,1
3694,M,1
3695,M,1
3696,M,1
3697,M,1
3698,M,1
3699,F,1
3700,M,1
3701,M,1
3702,M,1
3703,M,1
3704,F,1
3705,M,1
3706,M,1
3707,F,1
3708,M,1
3709,M,1
3710,M,1
3711,M,1
3712,M,1
3713,F,1
3714,M,1
3715,M,1
3716,M,1
3717,M,1
3718,M,1
3719,M,1
3720,M,1
3721,M,1
3722,M,1
3723,M,1
3724,M,1
3725,M,1
3726,M,1
3727,M,1
3728,M,1
3729,M,1
3730,M,1
3731,M,1
3732,M,1
3733,M,1
3734,M,1
3735,M,1
3736,M,1
3737,M,1
3738,M,1
3739,M,1
3740,M,1
3741,M,1
3742,M,1
3743,F,1
3744,M,1
3745,F,1
3746,M,1
3747,M,1
3748,M,1
3749,F,1
3750,F,1
3751,F,1
3752,F,1
3753,M,1
3754,M,1
3755,F,1
3756,M,1
3757,M,1
3758,F,1
3759,M,1
3760,M,1
3761,M,1
3762,M,1
3763,M,1
3764,M,1
3765,F,1
3766,F,1
3767,M,1
3768,M,1
3769,M,1
3770,F,1
3771,M,1
3772,M,1
3773,M,1
3774,M,1
3775,M,1
3776,F,1
3777,M,1
3778,M,1
3779,F,1
3780,M,1
3781,F,1
3782,F,1
3783,M,1
3784,F,1
3785,F,1
3786,F,1
3787,F,1
3788,F,1
3789,F,1
3790,F,1
3791,M,1
3792,M,1
3793,M,1
3794,F,1
3795,F,1
3796,M,1
3797,M,1
3798,M,1
3799,M,1
3800,M,1
3801,M,1
3802,M,1
3803,F,1
3804,M,1
3805,F,1
3806,M,1
3807,F,1
3808,M,1
3809,M,1
3810,M,1
3811,M,1
3812,M,1
3813,M,1
3814,M,1
3815,M,1
3816,F,1
3817,M,1
3818,M,1
3819,M,1
3820,M,1
3821,M,1
3822,M,1
3823,M,1
3824,M,1
3825,M,1
3826,M,1
3827,M,1
3828,M,1
3829,F,1
3830,M,1
3831,F,1
3832,F,1
3833,M,1
3834,M,1
3835,M,1
3836,F,1
3837,M,1
3838,F,1
3839,M,1
3840,F,1
3841,M,1
3842,F,1
3843,F,1
3844,M,1
3845,M,1
3846,M,1
3847,M,1
3848,M,1
3849,M,1
3850,M,1
3851,M,1
3852,M,1
3853,M,1
3854,M,1
3855,M,1
3856,F,1
3857,M,1
3858,F,1
3859,M,1
3860,M,1
3861,M,1
3862,M,1
3863,M,1
3864,M,1
3865,F,1
3866,M,1
3867,M,1
3868,M,1
3869,M,1
3870,M,1
3871,M,1
3872,M,1
3873,F,1
3874,M,1
3875,M,1
3876,M,1
3877,M,1
3878,M,1
3879,M,1
3880,M,1
3881,M,1
3882,M,1
3883,M,1
3884,M,1
3885,M,1
3886,M,1
3887,M,1
3888,M,1
3889,M,1
3890,M,1
3891,F,1
3892,M,1
3893,M,1
3894,M,1
3895,F,1
3896,M,1
3897,M,1
3898,M,1
3899,M,1
3900,F,1
3901,M,1
3902,M,1
3903,M,1
3904,M,1
3905,M,1
3906,M,1
3907,F,1
3908,M,1
3909,M,1
3910,M,1
3911,M,1
3912,M,1
3913,M,1
3914,M,1
3915,F,1
3916,M,1
3917,F,1
3918,M,1
3919,M,1
3920,M,1
3921,M,1
3922,M,1
3923,M,1
3924,M,1
3925,M,1
3926,M,1
3927,F,1
3928,M,1
3929,M,1
3930,M,1
3931,M,1
3932,M,1
3933,F,1
3934,M,1
3935,M,1
3936,F,1
3937,M,1
3938,M,1
3939,M,1
3940,M,1
3941,M,1
3942,M,1
3943,F,1
3944,F,1
3945,F,1
3946,F,1
3947,M,1
3948,F,1
3949,M,1
3950,M,1
3951,F,1
3952,F,1
3953,M,1
3954,M,1
3955,M,1
3956,M,1
3957,M,1
3958,M,1
3959,F,1
3960,F,1
3961,M,1
3962,F,1
3963,M,1
3964,M,1
3965,M,1
3966,M,1
3967,F,1
3968,M,1
3969,M,1
3970,F,1
3971,F,1
3972,F,1
3973,M,1
3974,M,1
3975,F,1
3976,F,1
3977,M,1
3978,M,1
3979,F,1
3980,M,1
3981,F,1
3982,M,1
3983,M,1
3984,M,1
3985,M,1
3986,M,1
3987,F,1
3988,F,1
3989,M,1
3990,M,1
3991,M,1
3992,M,1
3993,M,1
3994,M,1
3995,M,1
3996,M,1
3997,M,1
3998,M,1
3999,M,1
4000,M,1
4001,F,1
4002,M,1
4003,M,1
4004,M,1
4005,M,1
4006,M,1
4007,M,1
4008,M,1
4009,M,1
4010,M,1
4011,M,1
4012,M,1
4013,M,1
4014,M,1
4015,F,1
4016,M,1
4017,M,1
4018,F,1
4019,M,1
4020,M,1
4021,M,1
4022,M,1
4023,F,1
4024,M,1
4025,F,1
4026,M,1
4027,F,1
4028,M,1
4029,F,1
4030,M,1
4031,M,1
4032,M,1
4033,M,1
4034,M,1
4035,M,1
4036,M,1
4037,M,1
4038,M,1
4039,M,1
4040,M,1
4041,M,1
4042,M,1
4043,F,1
4044,F,1
4045,M,1
4046,M,1
4047,M,1
4048,F,1
4049,M,1
4050,M,1
4051,M,1
4052,M,1
4053,M,1
4054,M,1
4055,M,1
4056,M,1
4057,M,1
4058,M,1
4059,M,1
4060,M,1
4061,M,1
4062,M,1
4063,F,1
4064,M,1
4065,F,1
4066,M,1
4067,M,1
4068,M,1
4069,M,1
4070,M,1
4071,M,1
4072,M,1
4073,M,1
4074,M,1
4075,M,1
4076,M,1
4077,F,1
4078,M,1
4079,M,1
4080,M,1
4081,M,1
4082,M,1
4083,M,1
4084,M,1
4085,F,1
4086,F,1
4087,M,1
4088,M,1
4089,M,1
4090,M,1
4091,M,1
4092,F,1
4093,M,1
4094,M,1
4095,M,1
4096,M,1
4097,M,1
4098,M,1
4099,M,1
4100,M,1
4101,M,1
4102,M,1
4103,M,1
4104,M,1
4105,M,1
4106,M,1
4107,F,1
4108,M,1
4109,M,1
4110,F,1
4111,M,1
4112,M,1
4113,M,1
4114,M,1
4115,M,1
4116,M,1
4117,M,1
4118,M,1
4119,M,1
4120,M,1
4121,M,1
4122,M,1
4123,F,1
4124,M,1
4125,M,1
4126,M,1
4127,M,1
4128,M,1
4129,M,1
4130,M,1
4131,M,1
4132,M,1
4133,M,1
4134,F,1
4135,M,1
4136,M,1
4137,M,1
4138,M,1
4139,M,1
4140,M,1
4141,M,1
4142,M,1
4143,F,1
4144,M,1
4145,F,1
4146,M,1
4147,F,1
4148,F,1
4149,M,1
4150,M,1
4151,M,1
4152,M,1
4153,M,1
4154,M,1
4155,M,1
4156,M,1
4157,M,1
4158,F,1
4159,F,1
4160,M,1
4161,M,1
4162,F,1
4163,M,1
4164,M,1
4165,F,1
4166,F,1
4167,M,1
4168,F,1
4169,M,1
4170,M,1
4171,M,1
4172,M,1
4173,F,1
4174,F,1
4175,M,1
4176,M,1
4177,M,1
4178,F,1
4179,F,1
4180,M,1
4181,F,1
4182,M,1
4183,M,1
4184,M,1
4185,M,1
4186,M,1
4187,F,1
4188,M,1
4189,M,1
4190,M,1
4191,F,1
4192,M,1
4193,M,1
4194,M,1
4195,F,1
4196,M,1
4197,F,1
4198,M,1
4199,F,1
4200,M,1
4201,F,1
4202,M,1
4203,M,1
4204,M,1
4205,F,1
4206,F,1
4207,M,1
4208,F,1
4209,M,1
4210,M,1
4211,M,1
4212,M,1
4213,M,1
4214,F,1
4215,M,1
4216,M,1
4217,M,1
4218,M,1
4219,M,1
4220,M,1
4221,M,1
4222,F,1
4223,F,1
4224,F,1
4225,F,1
4226,F,1
4227,M,1
4228,M,1
4229,M,1
4230,M,1
4231,F,1
4232,F,1
4233,M,1
4234,F,1
4235,M,1
4236,F,1
4237,M,1
4238,M,1
4239,M,1
4240,M,1
4241,M,1
4242,M,1
4243,M,1
4244,M,1
4245,M,1
4246,F,1
4247,M,1
4248,M,1
4249,F,1
4250,F,1
4251,M,1
4252,F,1
4253,M,1
4254,M,1
4255,M,1
4256,F,1
4257,M,1
4258,M,1
4259,M,1
4260,M,1
4261,F,1
4262,F,1
4263,M,1
4264,M,1
4265,M,1
4266,M,1
4267,M,1
4268,F,1
4269,M,1
4270,M,1
4271,M,1
4272,M,1
4273,M,1
4274,F,1
4275,F,1
4276,F,1
4277,M,1
4278,F,1
4279,M,1
4280,M,1
4281,M,1
4282,M,1
4283,F,1
4284,M,1
4285,M,1
4286,M,1
4287,M,1
4288,F,1
4289,M,1
4290,M,1
4291,M,1
4292,M,1
4293,F,1
4294,M,1
4295,M,1
4296,M,1
4297,M,1
4298,F,1
4299,F,1
4300,F,1
4301,M,1
4302,M,1
4303,M,1
4304,M,1
4305,F,1
4306,M,1
4307,M,1
4308,M,1
4309,M,1
4310,M,1
4311,M,1
4312,M,1
4313,F,1
4314,M,1
4315,M,1
4316,M,1
4317,F,1
4318,M,1
4319,M,1
4320,M,1
4321,M,1
4322,F,1
4323,M,1
4324,M,1
4325,M,1
4326,F,1
4327,M,1
4328,M,1
4329,F,1
4330,F,1
4331,M,1
4332,F,1
4333,M,1
4334,M,1
4335,M,1
4336,F,1
4337,M,1
4338,F,1
4339,M,1
4340,F,1
4341,M,1
4342,M,1
4343,M,1
4344,M,1
4345,F,1
4346,M,1
4347,F,1
4348,M,1
4349,M,1
4350,M,1
4351,M,1
4352,M,1
4353,M,1
4354,M,1
4355,M,1
4356,M,1
4357,F,1
4358,M,1
4359,M,1
4360,F,1
4361,M,1
4362,M,1
4363,M,1
4364,M,1
4365,F,1
4366,M,1
4367,M,1
4368,M,1
4369,M,1
4370,M,1
4371,F,1
4372,M,1
4373,M,1
4374,M,1
4375,F,1
4376,F,1
4377,M,1
4378,M,1
4379,M,1
4380,F,1
4381,M,1
4382,M,1
4383,F,1
4384,M,1
4385,M,1
4386,M,1
4387,F,1
4388,M,1
4389,M,1
4390,M,1
4391,F,1
4392,M,1
4393,M,1
4394,M,1
4395,M,1
4396,M,1
4397,M,1
4398,F,1
4399,F,1
4400,F,1
4401,M,1
4402,F,1
4403,M,1
4404,M,1
4405,M,1
4406,M,1
4407,M,1
4408,F,1
4409,M,1
4410,M,1
4411,M,1
4412,M,1
4413,M,1
4414,M,1
4415,M,1
4416,M,1
4417,M,1
4418,F,1
4419,F,1
4420,M,1
4421,M,1
4422,M,1
4423,M,1
4424,M,1
4425,M,1
4426,M,1
4427,M,1
4428,M,1
4429,M,1
4430,F,1
4431,M,1
4432,M,1
4433,M,1
4434,F,1
4435,M,1
4436,M,1
4437,F,1
4438,M,1
4439,M,1
4440,M,1
4441,M,1
4442,M,1
4443,M,1
4444,F,1
4445,M,1
4446,M,1
4447,M,1
4448,M,1
4449,M,1
4450,M,1
4451,M,1
4452,F,1
4453,M,1
4454,M,1
4455,M,1
4456,F,1
4457,M,1
4458,F,1
4459,M,1
4460,M,1
4461,M,1
4462,F,1
4463,M,1
4464,F,1
4465,M,1
4466,M,1
4467,F,1
4468,F,1
4469,F,1
4470,M,1
4471,M,1
4472,F,1
4473,M,1
4474,M,1
4475,M,1
4476,M,1
4477,M,1
4478,M,1
4479,M,1
4480,M,1
4481,M,1
4482,F,1
4483,F,1
4484,F,1
4485,M,1
4486,M,1
4487,M,1
4488,M,1
4489,M,1
4490,M,1
4491,M,1
4492,M,1
4493,F,1
4494,M,1
4495,M,1
4496,M,1
4497,M,1
4498,M,1
4499,M,1
4500,M,1
4501,M,1
4502,M,1
4503,M,1
4504,F,1
4505,M,1
4506,M,1
4507,M,1
4508,M,1
4509,M,1
4510,M,1
4511,M,1
4512,M,1
4513,M,1
4514,M,1
4515,M,1
4516,M,1
4517,F,1
4518,M,1
4519,M,1
4520,M,1
4521,M,1
4522,M,1
4523,M,1
4524,M,1
4525,M,1
4526,M,1
4527,M,1
4528,M,1
4529,M,1
4530,F,1
4531,M,1
4532,M,1
4533,M,1
4534,M,1
4535,M,1
4536,M,1
4537,F,1
4538,M,1
4539,M,1
4540,F,1
4541,M,1
4542,M,1
4543,M,1
4544,M,1
4545,M,1
4546,M,1
4547,M,1
4548,M,1
4549,F,1
4550,M,1
4551,M,1
4552,M,1
4553,F,1
4554,F,1
4555,F,1
4556,M,1
4557,M,1
4558,M,1
4559,M,1
4560,M,1
4561,F,1
4562,M,1
4563,F,1
4564,M,1
4565,M,1
4566,M,1
4567,M,1
4568,F,1
4569,M,1
4570,M,1
4571,M,1
4572,F,1
4573,M,1
4574,M,1
4575,F,1
4576,F,1
4577,M,1
4578,M,1
4579,F,1
4580,F,1
4581,M,1
4582,F,1
4583,M,1
4584,F,1
4585,M,1
4586,M,1
4587,M,1
4588,F,1
4589,M,1
4590,F,1
4591,M,1
4592,M,1
4593,F,1
4594,M,1
4595,M,1
4596,F,1
4597,F,1
4598,F,1
4599,F,1
4600,M,1
4601,M,1
4602,M,1
4603,F,1
4604,M,1
4605,M,1
4606,F,1
4607,M,1
4608,F,1
4609,F,1
4610,F,1
4611,F,1
4612,F,1
4613,M,1
4614,F,1
4615,M,1
4616,M,1
4617,F,1
4618,M,1
4619,F,1
4620,F,1
4621,M,1
4622,M,1
4623,M,1
4624,M,1
4625,M,1
4626,M,1
4627,M,1
4628,F,1
4629,F,1
4630,F,1
4631,M,1
4632,M,1
4633,M,1
4634,M,1
4635,M,1
4636,M,1
4637,F,1
4638,M,1
4639,M,1
4640,M,1
4641,M,1
4642,M,1
4643,M,1
4644,M,1
4645,F,1
4646,F,1
4647,M,1
4648,M,1
4649,M,1
4650,M,1
4651,F,1
4652,F,1
4653,M,1
4654,M,1
4655,F,1
4656,M,1
4657,M,1
4658,M,1
4659,F,1
4660,F,1
4661,M,1
4662,F,1
4663,M,1
4664,F,1
4665,M,1
4666,M,1
4667,M,1
4668,M,1
4669,M,1
4670,M,1
4671,M,1
4672,M,1
4673,M,1
4674,F,1
4675,F,1
4676,M,1
4677,M,1
4678,M,1
4679,M,1
4680,M,1
4681,F,1
4682,M,1
4683,M,1
4684,F,1
4685,M,1
4686,M,1
4687,M,1
4688,M,1
4689,M,1
4690,F,1
4691,F,1
4692,F,1
4693,M,1
4694,M,1
4695,M,1
4696,M,1
4697,M,1
4698,F,1
4699,F,1
4700,F,1
4701,M,1
4702,M,1
4703,M,1
4704,M,1
4705,F,1
4706,M,1
4707,M,1
4708,M,1
4709,M,1
4710,F,1
4711,M,1
4712,M,1
4713,M,1
4714,M,1
4715,M,1
4716,F,1
4717,M,1
4718,M,1
4719,F,1
4720,M,1
4721,M,1
4722,M,1
4723,M,1
4724,F,1
4725,M,1
4726,F,1
4727,F,1
4728,M,1
4729,M,1
4730,M,1
4731,M,1
4732,M,1
4733,M,1
4734,M,1
4735,M,1
4736,M,1
4737,M,1
4738,M,1
4739,M,1
4740,F,1
4741,M,1
4742,M,1
4743,M,1
4744,M,1
4745,F,1
4746,M,1
4747,M,1
4748,M,1
4749,M,1
4750,F,1
4751,M,1
4752,F,1
4753,M,1
4754,F,1
4755,F,1
4756,M,1
4757,M,1
4758,F,1
4759,F,1
4760,M,1
4761,M,1
4762,F,1
4763,M,1
4764,M,1
4765,F,1
4766,M,1
4767,F,1
4768,M,1
4769,M,1
4770,F,1
4771,F,1
4772,M,1
4773,M,1
4774,M,1
4775,M,1
4776,F,1
4777,M,1
4778,M,1
4779,M,1
4780,M,1
4781,F,1
4782,M,1
4783,M,1
4784,F,1
4785,F,1
4786,M,1
4787,M,1
4788,M,1
4789,M,1
4790,F,1
4791,M,1
4792,F,1
4793,F,1
4794,F,1
4795,M,1
4796,M,1
4797,F,1
4798,M,1
4799,F,1
4800,M,1
4801,M,1
4802,M,1
4803,F,1
4804,F,1
4805,M,1
4806,M,1
4807,M,1
4808,M,1
4809,F,1
4810,M,1
4811,M,1
4812,M,1
4813,F,1
4814,M,1
4815,F,1
4816,F,1
4817,M,1
4818,F,1
4819,M,1
4820,M,1
4821,M,1
4822,F,1
4823,M,1
4824,M,1
4825,M,1
4826,M,1
4827,M,1
4828,F,1
4829,M,1
4830,M,1
4831,F,1
4832,M,1
4833,M,1
4834,F,1
4835,M,1
4836,F,1
4837,M,1
4838,M,1
4839,F,1
4840,F,1
4841,M,1
4842,F,1
4843,M,1
4844,M,1
4845,F,1
4846,F,1
4847,M,1
4848,F,1
4849,F,1
4850,F,1
4851,M,1
4852,M,1
4853,M,1
4854,F,1
4855,M,1
4856,M,1
4857,M,1
4858,M,1
4859,F,1
4860,M,1
4861,M,1
4862,M,1
4863,F,1
4864,M,1
4865,F,1
4866,M,1
4867,M,1
4868,M,1
4869,F,1
4870,F,1
4871,M,1
4872,M,1
4873,M,1
4874,F,1
4875,M,1
4876,F,1
4877,M,1
4878,M,1
4879,M,1
4880,F,1
4881,M,1
4882,M,1
4883,F,1
4884,M,1
4885,M,1
4886,F,1
4887,M,1
4888,F,1
4889,M,1
4890,F,1
4891,M,1
4892,M,1
4893,M,1
4894,M,1
4895,F,1
4896,M,1
4897,M,1
4898,M,1
4899,M,1
4900,M,1
4901,M,1
4902,M,1
4903,M,1
4904,M,1
4905,F,1
4906,M,1
4907,F,1
4908,M,1
4909,F,1
4910,M,1
4911,F,1
4912,F,1
4913,F,1
4914,F,1
4915,M,1
4916,M,1
4917,M,1
4918,F,1
4919,M,1
4920,M,1
4921,F,1
4922,M,1
4923,M,1
4924,F,1
4925,F,1
4926,M,1
4927,M,1
4928,F,1
4929,M,1
4930,M,1
4931,M,1
4932,M,1
4933,M,1
4934,F,1
4935,M,1
4936,F,1
4937,M,1
4938,F,1
4939,M,1
4940,F,1
4941,M,1
4942,M,1
4943,F,1
4944,M,1
4945,M,1
4946,F,1
4947,M,1
4948,M,1
4949,M,1
4950,M,1
4951,F,1
4952,F,1
4953,M,1
4954,M,1
4955,M,1
4956,M,1
4957,M,1
4958,M,1
4959,M,1
4960,M,1
4961,M,1
4962,M,1
4963,M,1
4964,M,1
4965,M,1
4966,M,1
4967,M,1
4968,F,1
4969,M,1
4970,F,1
4971,M,1
4972,M,1
4973,F,1
4974,M,1
4975,M,1
4976,M,1
4977,M,1
4978,M,1
4979,M,1
4980,M,1
4981,M,1
4982,M,1
4983,F,1
4984,M,1
4985,M,1
4986,M,1
4987,F,1
4988,M,1
4989,M,1
4990,F,1
4991,F,1
4992,F,1
4993,M,1
4994,M,1
4995,M,1
4996,M,1
4997,M,1
4998,F,1
4999,F,1
5000,M,1
5001,F,1
5002,M,1
5003,M,1
5004,F,1
5005,M,1
5006,M,1
5007,F,1
5008,M,1
5009,F,1
5010,M,1
5011,M,1
5012,M,1
5013,M,1
5014,M,1
5015,M,1
5016,F,1
5017,M,1
5018,F,1
5019,M,1
5020,F,1
5021,M,1
5022,M,1
5023,M,1
5024,F,1
5025,M,1
5026,M,1
5027,F,1
5028,M,1
5029,M,1
5030,M,1
5031,F,1
5032,M,1
5033,F,1
5034,F,1
5035,F,1
5036,M,1
5037,M,1
5038,M,1
5039,F,1
5040,M,1
5041,F,1
5042,F,1
5043,F,1
5044,F,1
5045,M,1
5046,M,1
5047,M,1
5048,F,1
5049,M,1
5050,F,1
5051,F,1
5052,M,1
5053,M,1
5054,M,1
5055,F,1
5056,M,1
5057,M,1
5058,M,1
5059,M,1
5060,M,1
5061,F,1
5062,M,1
5063,F,1
5064,M,1
5065,M,1
5066,F,1
5067,M,1
5068,M,1
5069,F,1
5070,M,1
5071,F,1
5072,M,1
5073,M,1
5074,M,1
5075,M,1
5076,M,1
5077,M,1
5078,M,1
5079,M,1
5080,F,1
5081,F,1
5082,M,1
5083,M,1
5084,M,1
5085,M,1
5086,M,1
5087,F,1
5088,M,1
5089,F,1
5090,F,1
5091,M,1
5092,M,1
5093,M,1
5094,M,1
5095,F,1
5096,M,1
5097,M,1
5098,M,1
5099,M,1
5100,M,1
5101,M,1
5102,M,1
5103,F,1
5104,M,1
5105,M,1
5106,F,1
5107,F,1
5108,F,1
5109,F,1
5110,M,1
5111,M,1
5112,M,1
5113,M,1
5114,F,1
5115,M,1
5116,M,1
5117,F,1
5118,M,1
5119,F,1
5120,M,1
5121,M,1
5122,M,1
5123,M,1
5124,M,1
5125,M,1
5126,M,1
5127,M,1
5128,M,1
5129,M,1
5130,F,1
5131,F,1
5132,M,1
5133,M,1
5134,M,1
5135,M,1
5136,M,1
5137,M,1
5138,M,1
5139,M,1
5140,M,1
5141,M,1
5142,M,1
5143,M,1
5144,F,1
5145,M,1
5146,M,1
5147,M,1
5148,M,1
5149,M,1
5150,M,1
5151,M,1
5152,F,1
5153,M,1
5154,M,1
5155,M,1
5156,M,1
5157,M,1
5158,F,1
5159,M,1
5160,F,1
5161,M,1
5162,M,1
5163,M,1
5164,F,1
5165,M,1
5166,M,1
5167,M,1
5168,M,1
5169,F,1
5170,M,1
5171,M,1
5172,F,1
5173,M,1
5174,M,1
5175,F,1
5176,M,1
5177,M,1
5178,M,1
5179,M,1
5180,M,1
5181,M,1
5182,F,1
5183,F,1
5184,M,1
5185,F,1
5186,M,1
5187,M,1
5188,F,1
5189,F,1
5190,F,1
5191,F,1
5192,M,1
5193,M,1
5194,M,1
5195,M,1
5196,M,1
5197,F,1
5198,F,1
5199,F,1
5200,F,1
5201,M,1
5202,M,1
5203,F,1
5204,M,1
5205,M,1
5206,M,1
5207,M,1
5208,M,1
5209,M,1
5210,F,1
5211,M,1
5212,M,1
5213,M,1
5214,F,1
5215,F,1
5216,M,1
5217,M,1
5218,M,1
5219,M,1
5220,M,1
5221,F,1
5222,M,1
5223,M,1
5224,M,1
5225,M,1
5226,M,1
5227,M,1
5228,M,1
5229,M,1
5230,M,1
5231,M,1
5232,M,1
5233,M,1
5234,F,1
5235,M,1
5236,M,1
5237,M,1
5238,F,1
5239,M,1
5240,F,1
5241,F,1
5242,M,1
5243,M,1
5244,M,1
5245,F,1
5246,F,1
5247,F,1
5248,F,1
5249,F,1
5250,M,1
5251,F,1
5252,M,1
5253,F,1
5254,M,1
5255,M,1
5256,M,1
5257,F,1
5258,M,1
5259,M,1
5260,M,1
5261,M,1
5262,F,1
5263,M,1
5264,M,1
5265,M,1
5266,M,1
5267,M,1
5268,F,1
5269,M,1
5270,M,1
5271,F,1
5272,M,1
5273,M,1
5274,M,1
5275,M,1
5276,F,1
5277,M,1
5278,F,1
5279,F,1
5280,M,1
5281,M,1
5282,F,1
5283,M,1
5284,M,1
5285,M,1
5286,M,1
5287,M,1
5288,M,1
5289,M,1
5290,F,1
5291,M,1
5292,M,1
5293,M,1
5294,M,1
5295,M,1
5296,F,1
5297,M,1
5298,M,1
5299,M,1
5300,M,1
5301,M,1
5302,F,1
5303,F,1
5304,F,1
5305,F,1
5306,F,1
5307,M,1
5308,M,1
5309,M,1
5310,F,1
5311,M,1
5312,M,1
5313,M,1
5314,F,1
5315,M,1
5316,M,1
5317,F,1
5318,M,1
5319,M,1
5320,F,1
5321,M,1
5322,M,1
5323,M,1
5324,M,1
5325,F,1
5326,M,1
5327,M,1
5328,F,1
5329,F,1
5330,F,1
5331,M,1
5332,M,1
5333,F,1
5334,F,1
5335,M,1
5336,M,1
5337,F,1
5338,M,1
5339,M,1
5340,F,1
5341,F,1
5342,F,1
5343,F,1
5344,F,1
5345,F,1
5346,F,1
5347,M,1
5348,M,1
5349,F,1
5350,M,1
5351,F,1
5352,F,1
5353,M,1
5354,F,1
5355,M,1
5356,M,1
5357,F,1
5358,M,1
5359,M,1
5360,M,1
5361,F,1
5362,M,1
5363,M,1
5364,F,1
5365,M,1
5366,M,1
5367,M,1
5368,F,1
5369,M,1
5370,M,1
5371,M,1
5372,M,1
5373,M,1
5374,M,1
5375,M,1
5376,M,1
5377,F,1
5378,M,1
5379,M,1
5380,M,1
5381,M,1
5382,M,1
5383,M,1
5384,F,1
5385,M,1
5386,M,1
5387,F,1
5388,F,1
5389,M,1
5390,M,1
5391,M,1
5392,M,1
5393,M,1
5394,M,1
5395,M,1
5396,M,1
5397,M,1
5398,M,1
5399,M,1
5400,F,1
5401,F,1
5402,F,1
5403,M,1
5404,M,1
5405,F,1
5406,F,1
5407,F,1
5408,M,1
5409,M,1
5410,F,1
5411,F,1
5412,M,1
5413,M,1
5414,M,1
5415,F,1
5416,F,1
5417,M,1
5418,F,1
5419,F,1
5420,F,1
5421,M,1
5422,M,1
5423,F,1
5424,F,1
5425,M,1
5426,M,1
5427,M,1
5428,F,1
5429,F,1
5430,F,1
5431,M,1
5432,M,1
5433,F,1
5434,F,1
5435,M,1
5436,M,1
5437,M,1
5438,M,1
5439,M,1
5440,F,1
5441,M,1
5442,M,1
5443,M,1
5444,F,1
5445,M,1
5446,F,1
5447,M,1
5448,M,1
5449,M,1
5450,M,1
5451,F,1
5452,M,1
5453,M,1
5454,M,1
5455,F,1
5456,M,1
5457,M,1
5458,F,1
5459,F,1
5460,M,1
5461,M,1
5462,M,1
5463,M,1
5464,M,1
5465,F,1
5466,M,1
5467,M,1
5468,M,1
5469,M,1
5470,M,1
5471,M,1
5472,M,1
5473,M,1
5474,M,1
5475,M,1
5476,F,1
5477,M,1
5478,M,1
5479,M,1
5480,F,1
5481,M,1
5482,M,1
5483,F,1
5484,M,1
5485,M,1
5486,M,1
5487,M,1
5488,M,1
5489,M,1
5490,M,1
5491,M,1
5492,M,1
5493,M,1
5494,F,1
5495,F,1
5496,M,1
5497,M,1
5498,F,1
5499,F,1
5500,F,1
5501,M,1
5502,M,1
5503,F,1
5504,M,1
5505,F,1
5506,F,1
5507,M,1
5508,M,1
5509,M,1
5510,M,1
5511,M,1
5512,F,1
5513,M,1
5514,F,1
5515,M,1
5516,F,1
5517,M,1
5518,M,1
5519,M,1
5520,M,1
5521,F,1
5522,M,1
5523,M,1
5524,F,1
5525,F,1
5526,F,1
5527,M,1
5528,M,1
5529,M,1
5530,F,1
5531,M,1
5532,M,1
5533,F,1
5534,M,1
5535,M,1
5536,M,1
5537,F,1
5538,M,1
5539,F,1
5540,M,1
5541,M,1
5542,M,1
5543,M,1
5544,M,1
5545,F,1
5546,M,1
5547,F,1
5548,F,1
5549,F,1
5550,M,1
5551,F,1
5552,M,1
5553,M,1
5554,M,1
5555,M,1
5556,M,1
5557,M,1
5558,M,1
5559,M,1
5560,F,1
5561,F,1
5562,F,1
5563,F,1
5564,M,1
5565,M,1
5566,M,1
5567,M,1
5568,M,1
5569,F,1
5570,M,1
5571,F,1
5572,F,1
5573,F,1
5574,M,1
5575,M,1
5576,M,1
5577,M,1
5578,F,1
5579,F,1
5580,M,1
5581,M,1
5582,M,1
5583,M,1
5584,F,1
5585,M,1
5586,M,1
5587,M,1
5588,F,1
5589,F,1
5590,F,1
5591,M,1
5592,M,1
5593,M,1
5594,F,1
5595,M,1
5596,M,1
5597,F,1
5598,M,1
5599,M,1
5600,F,1
5601,M,1
5602,M,1
5603,M,1
5604,M,1
5605,F,1
5606,F,1
5607,M,1
5608,M,1
5609,F,1
5610,F,1
5611,F,1
5612,F,1
5613,F,1
5614,M,1
5615,M,1
5616,M,1
5617,M,1
5618,F,1
5619,F,1
5620,M,1
5621,M,1
5622,M,1
5623,M,1
5624,M,1
5625,M,1
5626,M,1
5627,M,1
5628,M,1
5629,M,1
5630,M,1
5631,M,1
5632,F,1
5633,M,1
5634,M,1
5635,F,1
5636,M,1
5637,M,1
5638,M,1
5639,F,1
5640,M,1
5641,F,1
5642,M,1
5643,F,1
5644,F,1
5645,M,1
5646,M,1
5647,M,1
5648,M,1
5649,F,1
5650,F,1
5651,F,1
5652,M,1
5653,M,1
5654,M,1
5655,F,1
5656,M,1
5657,M,1
5658,M,1
5659,M,1
5660,M,1
5661,F,1
5662,M,1
5663,F,1
5664,M,1
5665,M,1
5666,M,1
5667,M,1
5668,F,1
5669,M,1
5670,M,1
5671,M,1
5672,F,1
5673,F,1
5674,M,1
5675,M,1
5676,M,1
5677,M,1
5678,M,1
5679,M,1
5680,M,1
5681,F,1
5682,M,1
5683,F,1
5684,M,1
5685,M,1
5686,M,1
5687,F,1
5688,F,1
5689,M,1
5690,M,1
5691,M,1
5692,F,1
5693,F,1
5694,F,1
5695,F,1
5696,F,1
5697,M,1
5698,M,1
5699,M,1
5700,F,1
5701,M,1
5702,M,1
5703,M,1
5704,F,1
5705,F,1
5706,M,1
5707,M,1
5708,M,1
5709,M,1
5710,M,1
5711,M,1
5712,M,1
5713,F,1
5714,M,1
5715,M,1
5716,M,1
5717,M,1
5718,F,1
5719,M,1
5720,M,1
5721,M,1
5722,M,1
5723,M,1
5724,M,1
5725,M,1
5726,M,1
5727,M,1
5728,F,1
5729,M,1
5730,M,1
5731,F,1
5732,F,1
5733,M,1
5734,F,1
5735,M,1
5736,M,1
5737,M,1
5738,M,1
5739,M,1
5740,M,1
5741,M,1
5742,F,1
5743,F,1
5744,F,1
5745,F,1
5746,M,1
5747,M,1
5748,M,1
5749,M,1
5750,M,1
5751,F,1
5752,F,1
5753,M,1
5754,F,1
5755,F,1
5756,F,1
5757,M,1
5758,F,1
5759,F,1
5760,M,1
5761,M,1
5762,F,1
5763,F,1
5764,F,1
5765,M,1
5766,M,1
5767,M,1
5768,F,1
5769,M,1
5770,M,1
5771,M,1
5772,M,1
5773,M,1
5774,M,1
5775,M,1
5776,M,1
5777,M,1
5778,M,1
5779,M,1
5780,M,1
5781,M,1
5782,F,1
5783,F,1
5784,M,1
5785,F,1
5786,M,1
5787,M,1
5788,M,1
5789,M,1
5790,F,1
5791,M,1
5792,M,1
5793,M,1
5794,M,1
5795,M,1
5796,F,1
5797,M,1
5798,M,1
5799,M,1
5800,M,1
5801,M,1
5802,F,1
5803,M,1
5804,F,1
5805,F,1
5806,F,1
5807,M,1
5808,F,1
5809,M,1
5810,M,1
5811,M,1
5812,F,1
5813,M,1
5814,M,1
5815,M,1
5816,M,1
5817,M,1
5818,M,1
5819,M,1
5820,M,1
5821,M,1
5822,F,1
5823,M,1
5824,M,1
5825,F,1
5826,M,1
5827,M,1
5828,M,1
5829,F,1
5830,F,1
5831,M,1
5832,F,1
5833,F,1
5834,M,1
5835,F,1
5836,M,1
5837,M,1
5838,F,1
5839,M,1
5840,F,1
5841,F,1
5842,M,1
5843,M,1
5844,F,1
5845,F,1
5846,M,1
5847,F,1
5848,M,1
5849,M,1
5850,F,1
5851,F,1
5852,F,1
5853,M,1
5854,M,1
5855,M,1
5856,F,1
5857,F,1
5858,M,1
5859,M,1
5860,F,1
5861,F,1
5862,F,1
5863,F,1
5864,F,1
5865,M,1
5866,F,1
5867,F,1
5868,M,1
5869,F,1
5870,M,1
5871,F,1
5872,M,1
5873,M,1
5874,M,1
5875,M,1
5876,M,1
5877,M,1
5878,F,1
5879,M,1
5880,M,1
5881,M,1
5882,M,1
5883,F,1
5884,M,1
5885,M,1
5886,M,1
5887,F,1
5888,M,1
5889,M,1
5890,M,1
5891,M,1
5892,M,1
5893,M,1
5894,M,1
5895,M,1
5896,M,1
5897,M,1
5898,F,1
5899,M,1
5900,M,1
5901,F,1
5902,M,1
5903,M,1
5904,F,1
5905,F,1
5906,F,1
5907,M,1
5908,M,1
5909,M,1
5910,F,1
5911,F,1
5912,M,1
5913,F,1
5914,M,1
5915,M,1
5916,M,1
5917,F,1
5918,M,1
5919,M,1
5920,F,1
5921,M,1
5922,M,1
5923,M,1
5924,M,1
5925,F,1
5926,F,1
5927,M,1
5928,M,1
5929,F,1
5930,F,1
5931,F,1
5932,M,1
5933,M,1
5934,M,1
5935,M,1
5936,M,1
5937,M,1
5938,M,1
5939,F,1
5940,M,1
5941,F,1
5942,M,1
5943,F,1
5944,F,1
5945,F,1
5946,F,1
5947,F,1
5948,M,1
5949,M,1
5950,M,1
5951,M,1
5952,F,1
5953,M,1
5954,M,1
5955,F,1
5956,F,1
5957,M,1
5958,M,1
5959,F,1
5960,F,1
5961,F,1
5962,M,1
5963,M,1
5964,M,1
5965,M,1
5966,F,1
5967,M,1
5968,M,1
5969,M,1
5970,M,1
5971,M,1
5972,F,1
5973,M,1
5974,F,1
5975,M,1
5976,F,1
5977,M,1
5978,M,1
5979,M,1
5980,M,1
5981,M,1
5982,M,1
5983,M,1
5984,M,1
5985,F,1
5986,F,1
5987,M,1
5988,M,1
5989,F,1
5990,F,1
5991,F,1
5992,F,1
5993,F,1
5994,M,1
5995,F,1
5996,F,1
5997,F,1
5998,M,1
5999,F,1
6000,M,1
6001,F,1
6002,M,1
6003,F,1
6004,F,1
6005,F,1
6006,F,1
6007,M,1
6008,M,1
6009,F,1
6010,M,1
6011,M,1
6012,M,1
6013,F,1
6014,M,1
6015,F,1
6016,M,1
6017,F,1
6018,M,1
6019,M,1
6020,M,1
6021,M,1
6022,M,1
6023,M,1
6024,M,1
6025,F,1
6026,M,1
6027,M,1
6028,M,1
6029,F,1
6030,M,1
6031,F,1
6032,M,1
6033,M,1
6034,M,1
6035,F,1
6036,F,1
6037,F,1
6038,F,1
6039,F,1
6040,M,1
